{"KUInfo":{"md5":"2034414864faaf45ddd5fa7b913ef9c9","name":"kernel.dll","url":"http://issuecdn.baidupcs.com/issue/netdisk/p2p-pc/kernel/kernel.2001.gz","version":"2.0.0.1"},"k1info":{"md5":"0c23c215f025549cd4c4b4e4f49ef9a7","name":"kernelbasis.dll","url":"http://issuecdn.baidupcs.com/issue/netdisk/p2p-pc/kernelbasis/kernelbasis.21110.gz","version":"2.1.1.10"},"k2info":{"md5":"2d28e98e66b6c693a60f32019f730eef","name":"kernelpromote.dll","url":"http://issuecdn.baidupcs.com/issue/netdisk/p2p-pc/kernelpromote/kernelpromote.2157.gz","version":"2.1.5.7"},"kueinfo":{"md5":"64a23eee7e81b0f45056221e9fde7c4a","name":"kernelUpdate.exe","url":"http://issuecdn.baidupcs.com/issue/netdisk/p2p-pc/kernelUpdate/kernelUpdate.2009.gz","version":"2.0.0.9"},"version":"2.0.0.15"}