<layer name="FunctionalBoxPanel" width="900" height="552" appwin="0" ncRect="0,0,0,0"  resize="1" translucent="0"  nomaxsize="0">
  <body>
    <dlg pos="0,0,-0,-0" skin="function_frame">
      <dlg pos="|-115,36" width="230" height="55">
        <text pos="0,0,-0,24" class="functional_panel_head_tip">%str290%</text>
        <text pos="0,34,-0,-0" class="functional_panel_head_tip1">%str291%</text>
      </dlg>
      <dlg pos="|-387,|-150" width="774" height="270">
        <!--手机忘带-->
        <imgbtn name="phone_btn" pos="0,0" width="250" height="124" skin="function_btn_img" cursor="arrow"></imgbtn>
        <img pos="16,21" width="81" height="81" skin="function_phone_img" />
        <text pos="113,42,240,62" class="functional_panel_btn_text">%str285%</text>
        <text pos="113,70,245,90" class="functional_panel_btn_tip">%str292%</text>
        <!--数据线-->
        <imgbtn name="datacable_btn" pos="262,0" width="250" height="124" skin="function_btn_img" cursor="arrow"></imgbtn>
        <img pos="278,21" width="81" height="81" skin="function_datacable_img" />
        <text pos="375,42,502,62" class="functional_panel_btn_text">%str286%</text>
        <text pos="375,70,507,90" class="functional_panel_btn_tip">%str293%</text>
        <!--自动备份-->
        <imgbtn name="autobackup_btn" pos="524,0" width="250" height="124" skin="function_btn_img" cursor="arrow"></imgbtn>
        <img pos="540,21" width="81" height="81" skin="function_backup_img"/>
        <img pos="706,0" width="68" height="68" skin="function_vip_only_img"/>
        <text pos="637,42,764,62" class="functional_panel_btn_text">%str287%</text>
        <text pos="637,70,769,90" class="functional_panel_btn_tip">%str295%</text>
        <!--回收站-->
        <imgbtn name="recycle_btn" pos="0,136" width="250" height="124" skin="function_btn_img" cursor="arrow"></imgbtn>
        <img pos="16,157" width="81" height="81" skin="function_recycle_img"/>
        <text pos="113,178,240,198" class="functional_panel_btn_text">%str289%</text>
        <text pos="113,206,245,226" class="functional_panel_btn_tip">%str296%</text>
        <!--锁定云管家-->
        <dlg name="LockBtnPanel" pos="262,136" width="250" height="124">
          <imgbtn name="lock_btn" pos="0,0" width="250" height="124" skin="function_btn_img" cursor="arrow"></imgbtn>
          <img pos="16,21" width="81" height="81" skin="function_lock_img"/>
          <text pos="113,42,240,62" class="functional_panel_btn_text" >%str288%</text>
          <text pos="113,70,245,90" class="functional_panel_btn_tip">%str294%</text>
        </dlg>
      </dlg>
    </dlg>
  </body>
</layer>