<layer name="PasswordInputDlg" width="310" height="172" appwin="0" ncRect="0,0,0,0" resize="0" translucent="1" nomaxsize="1">
  <body>
    <dlg pos="0,0,-0,-0" class="cls_dlg_frame">
      <!--标题栏-->
      <caption pos="0,0,-0,38">
        <img pos="10,8" skin="common_logo_main"/>
        <text name="txt_title" pos="39,9">%str833%</text>
        <imgbtn name="btn_close" skin="btn_sys_close" pos="-34,1,-2,21" cursor="arrow" tip="%str250%" animate="1"/>
      </caption>
      
      <dlg pos="0,38,-0,-0">
        <text name="txt_tip" pos="26,11" crtext="cf2625">%str838%</text>
        <dlg pos="|-129,32" width="258" height="30" class="cls_edit_set">
          <embededit name="password_edit" pos="5,0,-38,-0" inset="3,3,-38,-3" class="cls_password_edit" password="1" deftext="%str836%"/>
          <embedbutton name="btn_eye" pos="-32,|-14,@28,@28" normal-skin="inputpassword_eye_invisible_img" hover-skin="inputpassword_eye_invisible_img" down-skin="inputpassword_eye_invisible_img" cursor="hand" animate="0"/>
        </dlg>
        <imgbtn name="btn_confirm" pos="115,82" width="80" height="30" class="passwordinputdlg_confirm_text" cursor="arrow">%str837%</imgbtn>
      </dlg>
    </dlg>
  </body>
</layer>